festival_id,canonical_name,refined_summary,top_keywords,regions,rituals,page
diwali_001,Diwali,"Diwali, also known as Deepavali, is one of the most important festivals in India. It symbolizes the triumph of light over darkness and righteousness over evil.",india;diwali;lamps;lighting;important,Eastern India;Northern India;Southern India;Western India,cleaning homes;firecrackers;lighting lamps;puja,
holi_002,Holi,"Holi is a vibrant festival known for its celebration with colors. It marks the arrival of spring and the victory of good over evil, symbolized by the legend of Prahlada and Holika.",holi;holika;evil;people;colors,Eastern India;Northern India;Western India,community celebration;holika dahan;throwing colors,
navaratri_003,Navaratri,"Navaratri is a nine-night festival dedicated to Goddess Durga and her various forms. Each day represents a different aspect of the goddess, symbolizing strength, wisdom, and protection.",india;durga;goddess;navaratri;aspect,Eastern India;Southern India;Western India,dance;fasting;golu display;puja,
ganesh_chaturthi_004,Ganesh Chaturthi,"Ganesh Chaturthi marks the birth of Lord Ganesha, the remover of obstacles. Clay idols of Ganesha are installed in homes and public spaces, followed by prayers and celebrations.",ganesha;idols;ganesh;chaturthi;remover,Andhra Pradesh;Karnataka;Maharashtra;Tamil Nadu,idol installation;puja;visarjan,
janmashtami_005,Janmashtami,"Janmashtami marks the birth of Lord Krishna, celebrated with fasting, prayers, and devotional songs. Temples are decorated and scenes from Krishna’s life are reenacted.",krishna;birth;janmashtami;reenacted;midnight,Gujarat;Maharashtra;Uttar Pradesh,dahi handi;fasting;puja,
maha_shivaratri_006,Maha Shivaratri,"Maha Shivaratri is dedicated to Lord Shiva and observed with fasting and meditation. Devotees stay awake all night, offering prayers and chanting hymns.",maha;shivaratri;stay;awake;offering,Pan-India,abhishekam;fasting;night vigil,
ram_navami_007,Ram Navami,"Ram Navami marks the birth of Lord Rama, symbolizing righteousness and moral values. Devotees read the Ramayana and participate in temple celebrations.",ram;navami;values;read;ramayana,Northern India;Southern India,processions;puja;recitation,
makar_sankranti_008,Makar Sankranti,Makar Sankranti celebrates the sun’s movement into Capricorn and the harvest season. It is observed with gratitude to nature and farmers.,makar;sankranti;movement;capricorn;farmers,Assam;Gujarat;Punjab;Tamil Nadu,harvest rituals;kite flying,
kumbh_mela_009,Kumbh Mela,Kumbh Mela is a massive pilgrimage where devotees bathe in sacred rivers. It is believed to cleanse sins and promote spiritual renewal.,kumbh;massive;pilgrimage;bathe;cleanse,Haridwar;Nashik;Prayagraj;Ujjain,discourses;holy dip,
raksha_bandhan_010,Raksha Bandhan,"Raksha Bandhan symbolizes the love and protection between brothers and sisters. Sisters tie a rakhi on their brother’s wrist, and brothers promise protection.",brothers;sisters;protection;raksha;bandhan,Pan-India,gift exchange;tying rakhi,
baisakhi_011,Baisakhi,Baisakhi is a major harvest festival celebrated primarily in Punjab. It marks the beginning of the new harvest season and holds deep religious importance for Sikhs.,baisakhi;harvest;primarily;deep;1699,Northern India;Punjab,community meals;gurdwara visits;processions,
guru_nanak_jayanti_012,Guru Nanak Jayanti,"Guru Nanak Jayanti commemorates the birth of Guru Nanak Dev Ji, the founder of Sikhism. The festival emphasizes teachings of equality, humility, and devotion to one God.",nanak;guru nanak;guru;sikhism;include,Pan-India;Punjab,akhand path;langar;processions,
maghi_lohri_013,Maghi and Lohri,"Lohri marks the end of winter and is celebrated with bonfires, songs, and dances. It represents gratitude for the harvest and hope for prosperity.",lohri;maghi;sacrifices;dips;symbolize,Northern India;Punjab,bonfire rituals;oil bath;puja,
hola_mohalla_014,Hola Mohalla,"Hola Mohalla was established by Guru Gobind Singh Ji as a day for demonstrating strength, discipline, and martial skills. It is celebrated a day after Holi.",day;hola;mohalla;established;demonstrating,Punjab,martial demonstrations;processions,
paryushan_015,Paryushan,"Paryushan is the most important Jain festival, emphasizing self-discipline, fasting, and spiritual purification. Devotees practice meditation, study scriptures, and seek forgiveness through the practice of forgiveness day.",practice;forgiveness;paryushan;study;paryushan important,Pan-India,confession;fasting;puja,
mahavir_jayanti_016,Mahavir Jayanti,"Mahavir Jayanti commemorates the birth of Lord Mahavira, the 24th Tirthankara of Jainism. The festival emphasizes non-violence, truth, and self-discipline.",mahavir;mahavira;24th;tirthankara;jainism,Pan-India,charity;processions;puja,
mahamastakabhisheka_017,Mahamastakabhisheka,"Mahamastakabhisheka is a rare Jain festival held at Shravanabelagola, honoring the statue of Gommateshwara Bahubali. The ceremony involves pouring sacred substances over the statue, symbolizing humility and renunciation.",statue;mahamastakabhisheka;rare;shravanabelagola;honoring,Karnataka,anointing ceremony;puja,
bhai_dooj_018,Bhai Dooj,"Bhai Dooj marks the loving relationship between siblings. Sisters pray for their brothers’ well-being, and brothers promise protection.",brothers;bhai;dooj;loving;relationship,Pan-India,puja;tilak ceremony,
gyan_panchami_019,Jnan Panchami,"Jnan Panchami is a Jain festival dedicated to the preservation and worship of knowledge. Holy scriptures are cleaned, restored, and revered, emphasizing learning and wisdom.",knowledge;jnan;restored;revered;learning,Pan-India,puja;study sessions,
kartik_poornima_020,Kartik Poornima,Kartik Poornima is observed on the full moon day of the Kartik month. It is associated with sacred river bathing and lamp offerings.,kartik;poornima;lamp;deepawali;illuminated,Odisha;Pan-India;Uttar Pradesh,lamp offerings;oil bath,
maun_ekadashi_021,Maun Ekadashi,"Maun Ekadashi is a Hindu observance dedicated to spiritual restraint and inner purification. Devotees observe silence (maun), fast, and engage in prayer and meditation.",maun;silence;control;spiritual;ekadashi,Northern India;Pan-India,fasting;meditation;observing silence,
buddhist_new_year_022,Buddhist New Year,"Buddhist New Year is celebrated in many Buddhist communities to mark the beginning of a new year. It is a time for cleansing, renewal, and merit-making.",buddhist;year;new year;new;merit,India;South Asia;Southeast Asia,chanting;charity;temple visits,
magha_puja_023,Magha Puja Day,Magha Puja Day commemorates an important gathering of Buddha’s disciples. It highlights the principles of moral discipline and spiritual wisdom.,magha;gathering;disciples;principles;candle,India;Southeast Asia;Thailand,candle procession;chanting;meditation,
asalha_puja_024,Asalha Puja Day,Asalha Puja Day commemorates the first sermon delivered by Gautama Buddha after enlightenment. It marks the beginning of the Buddhist monastic order and the teaching of the Eightfold Path.,asalha;sermon;delivered;gautama;monastic,India;Southeast Asia;Sri Lanka,meditation;sermon recitation,
songkran_025,Songkran,Songkran marks the traditional New Year in Thailand and neighboring regions. Water is used symbolically to wash away misfortune and welcome a fresh start.,water;songkran;thailand;used;symbolically,Southeast Asia;Thailand,elder blessings;temple visits;water pouring,
gahambars_026,Gahambars,"Gahambars are six seasonal festivals observed in Zoroastrianism to honor different aspects of creation. They emphasize gratitude, charity, and communal harmony through shared meals.",festivals;gahambars;seasonal;aspects;communal,India;Iran,community meals;puja,
nouruz_027,Nouruz,"Nouruz marks the beginning of spring and the Persian New Year. It symbolizes renewal, hope, and balance.",new;nouruz;persian;tables;set,Central Asia;India;Iran,family gatherings;house cleaning,
khordad_sal_028,Khordad Sal,"Khordad Sal commemorates the birth of Prophet Zarathustra, the founder of Zoroastrianism. Devotees visit fire temples and perform prayers.",khordad;sal;zarathustra;khordad sal;sal commemorates,India;Iran,puja;temple visits,
christmas_029,Christmas,"Christmas commemorates the birth of Jesus Christ and is celebrated with joy and generosity. Homes and churches are decorated, carols are sung, and gifts are exchanged.",christmas;churches;carols;sung;gifts,Pan-India;Worldwide,carol singing;midnight mass,
easter_good_friday_030,Easter and Good Friday,"Good Friday marks the crucifixion of Jesus Christ, symbolizing sacrifice and compassion. Easter celebrates his resurrection, representing hope and renewal.",christian;friday marks;marks crucifixion;crucifixion jesus;christ symbolizing,Pan-India;Worldwide,church services;puja,
easter_031,Easter,"Easter is the most important festival in Christianity, commemorating the resurrection of Jesus Christ after his crucifixion. It represents victory over death and the promise of new life.",easter;christianity;church;easter important;festival christianity,Pan-India;Worldwide,church services;puja,
ramzan_032,Ramzan,Ramzan is the ninth month of the Islamic calendar and is observed by Muslims worldwide through fasting from dawn to sunset. The fast commemorates the revelation of the Holy Quran to Prophet Muhammad.,month;ramzan;ninth;worldwide;sunset,Pan-India;Worldwide,charity;fasting;puja,
muharram_033,Muharram,"Muharram is the first month of the Islamic calendar and is especially significant for remembering the martyrdom of Imam Husayn at the Battle of Karbala. For many Muslims, it is a time of mourning, reflection, and prayer.",muharram;remembering;martyrdom;imam;husayn,Pan-India;Worldwide,mourning processions;puja,
eid_e_milad_034,Eid-e-Milad,"Eid-e-Milad commemorates the birth of Prophet Muhammad. Devotees remember his teachings of compassion, humility, and peace.",eid;milad;remember;mosques;encouraged,Pan-India;Worldwide,processions;puja,
bakrid_035,Bakr-Id,"Bakr-Id commemorates Prophet Ibrahim’s devotion and willingness to sacrifice his son in obedience to God. It symbolizes faith, sacrifice, and generosity.",sacrifice;bakr;id;ibrahim;willingness,Pan-India;Worldwide,charity;puja;sacrifice,
rosh_hashanah_036,Rosh Hashanah,Rosh Hashanah is the Jewish New Year and a time for reflection and repentance. It marks the beginning of the High Holy Days in Judaism.,year;rosh;hashanah;jewish;high,Worldwide,puja;shofar blowing,
yom_kippur_037,Yom Kippur,"Yom Kippur is a solemn day dedicated to repentance and forgiveness. It is marked by fasting, prayer, and self-reflection.",forgiveness;yom;kippur;solemn;yom kippur,Worldwide,fasting;intense prayer,
hanukkah_038,Hanukkah,Hanukkah commemorates the rededication of the Second Temple in Jerusalem. The festival is observed for eight nights by lighting the menorah.,hanukkah;rededication;second;jerusalem;nights,Worldwide,lighting candles;puja,
ugadi_039,Ugadi,Ugadi is celebrated as the New Year by Telugu and Kannada communities. It symbolizes new beginnings and hope.,new;ugadi;telugu;kannada;clean,Andhra Pradesh;Karnataka;Telangana,home decoration;puja,
lumbini_festival_040,Lumbini Festival,"The Lumbini Festival is a Buddhist cultural festival organized to promote peace and the teachings of Lord Buddha. It includes prayers, cultural programs, and exhibitions reflecting Buddhist traditions.",buddhist;cultural;lumbini;organized;reflecting,Andhra Pradesh,cultural events;puja,
tirupati_brahmotsavam_041,Tirupati Brahmotsavam,Tirupati Brahmotsavam is the most important festival celebrated at the Tirumala Venkateswara Temple. It spans several days and involves elaborate processions of the deity on different vahanas.,temple;tirupati;brahmotsavam;tirumala;venkateswara,Andhra Pradesh;Tirupati,processions;puja;vahana seva,
deccan_festival_042,Deccan Festival,"The Deccan Festival is a cultural event showcasing the art, crafts, cuisine, and traditions of the Deccan plateau. It includes music, dance, exhibitions, and food fairs, promoting regional unity and heritage.",deccan;showcasing;art;plateau;fairs,Hyderabad;Telangana,cultural performances;exhibitions,
siang_river_festival_043,Siang River Festival,"The Siang River Festival is celebrated in Arunachal Pradesh to promote unity among communities and awareness about nature. It features river sports, traditional dances, and cultural exchanges.",river;siang;awareness;exchanges;siang river,Arunachal Pradesh,cultural programs;river activities,
pangsau_pass_festival_044,Pangsau Pass Winter Festival,The Pangsau Pass Winter Festival is held near the historic Pangsau Pass in Arunachal Pradesh. It celebrates cultural connections between India and neighboring regions.,pangsau;pass;pangsau pass;connections;pass winter,Arunachal Pradesh,cultural displays;folk dances,
solung_festival_045,Solung Festival,Solung is an important agricultural festival celebrated by the Adi tribe of Arunachal Pradesh. It marks sowing and harvesting activities.,solung;adi;sowing;solung important;important agricultural,Arunachal Pradesh,agricultural rituals;feast,
losar_046,Losar,Losar is celebrated as the Tibetan New Year by Buddhist communities. It marks the beginning of a new year with prayers and festive gatherings.,year;new year;new;fortune;tibetan new,Arunachal Pradesh;Ladakh;Sikkim,puja;temple visits,
rongali_bihu_047,Rongali Bihu,"Rongali Bihu is the most important Bihu festival of Assam, celebrating the Assamese New Year and the arrival of spring. It is marked by music, dance, and community gatherings.",bihu;rongali;assamese;rongali bihu;bihu important,Assam,bihu dance;music performances,
kongali_bihu_048,Kongali Bihu,Kongali Bihu is observed during a lean agricultural period in Assam. Lamps are lit in fields and homes to pray for a good harvest.,kongali;lean;patience;kongali bihu;bihu observed,Assam,lighting lamps;puja,
bhogali_bihu_049,Bhogali Bihu,"Bhogali Bihu marks the end of the harvesting season in Assam. It is celebrated with feasts, bonfires, and community gatherings.",bhogali;feasts;bhogali bihu;bihu marks;end harvesting,Assam,bonfire rituals;feast,
ambubachi_mela_050,Ambubachi Mela,Ambubachi Mela is held at the Kamakhya Temple in Assam and is associated with the annual cycle of nature. The festival draws devotees who believe it symbolizes fertility and renewal.,ambubachi;kamakhya;annual;draws;believe,Assam;Guwahati,pilgrimage;temple rituals,
baishagu_051,Baishagu,Baishagu is a spring festival celebrated by the Bodo community of Assam. It marks the beginning of the New Year and the agricultural cycle.,baishagu;bodo;baishagu spring;spring festival;celebrated bodo,Assam,community celebrations;folk dances;puja,
chhath_puja_052,Chhath Puja,"Chhath Puja is an ancient Hindu festival devoted to Surya, the Sun God. Devotees observe strict rituals, fasting, and offer prayers near water bodies.",devoted;surya;strict;puja ancient;ancient hindu,Bihar;Jharkhand;Uttar Pradesh,fasting;puja;river offerings,
bihula_053,Bihula,"Bihula is a folk festival associated with the worship of Goddess Manasa in Assam and neighboring regions. It reflects local legends, devotion, and traditional storytelling practices.",bihula;manasa;legends;storytelling;practices,Assam,folk rituals;story enactments,
bastar_dussehra_054,Bastar Dussehra,"Bastar Dussehra is a unique tribal festival celebrated in Chhattisgarh. Unlike the traditional Dussehra, it is dedicated to local deities and tribal customs.",dussehra;tribal;bastar;unlike;bastar dussehra,Bastar;Chhattisgarh,processions;tribal rituals,
phagun_madai_055,Phagun Madai,Phagun Madai is a traveling festival celebrated by tribal communities of Chhattisgarh. It includes worship of local deities and cultural performances.,phagun;madai;traveling;villages;phagun madai,Chhattisgarh,dance performances;puja,
goa_carnival_056,Carnival (Goa),"The Goa Carnival is a lively festival marked by parades, music, dance, and colorful costumes. It reflects Portuguese cultural influence.",goa;carnival;lively;parades;costumes,Goa,music and dance;street parades,
international_kite_festival_057,International Kite Festival,"Held in Gujarat, the International Kite Festival attracts participants from around the world. The sky fills with colorful kites.",kite;attracts;participants;world;sky,Gujarat,community gatherings;kite flying,
gugga_naumi_058,Gugga Naumi,"Gugga Naumi is a folk festival celebrated in Haryana and surrounding regions. It is dedicated to Gugga Pir, associated with protection from snake bites.",gugga;naumi;surrounding;pir;bites,Haryana;Northern India,processions;puja,
surajkund_mela_059,Surajkund Mela,"Surajkund Mela is an international crafts fair held annually in Haryana. It highlights handicrafts, music, dance, and cuisines from different regions.",surajkund;annually;handicrafts;cuisines;exchange,Haryana,craft exhibitions;cultural shows,
rann_utsav_060,Rann Utsav,"Rann Utsav is a desert festival held in the White Rann of Kutch, Gujarat. It features folk music, dance, crafts, and desert experiences.",rann;desert;white;kutch;experiences,Gujarat;Kutch,cultural performances;handicraft fairs,
bahu_mela_061,Bahu Mela,Bahu Mela is celebrated near the Bahu Fort temple dedicated to Goddess Kali. Devotees gather to offer prayers and participate in the fair.,bahu;fort;tradition;bahu mela;mela celebrated,Jammu,fair activities;puja,
urs_062,Urs,"Urs marks the death anniversary of a Sufi saint and is observed at dargahs. Devotees participate in prayers, qawwali, and charitable acts.",urs;anniversary;sufi;saint;dargahs,Jammu And Kashmir;Pan-India,puja;qawwali,
tulip_festival_063,Tulip Festival,The Tulip Festival is held in Srinagar to celebrate the blooming of tulips. Visitors enjoy floral displays and cultural programs.,tulip;srinagar;blooming;tulips;visitors,Jammu And Kashmir;Srinagar,cultural programs;garden visits,
chhath_puja_state_064,Chhath Puja,Chhath Puja is observed at the state level with rituals dedicated to the Sun God. Devotees offer prayers near rivers and water bodies.,state;level;observed state;state level;level rituals,Jharkhand,fasting;puja,
kambala_065,Kambala,Kambala is a rural sport festival celebrated in coastal Karnataka. It involves buffalo races held in muddy fields.,kambala;rural;sport;coastal;karnataka,Karnataka,buffalo racing;village celebrations,
hampi_utsav_066,Hampi Utsav,"Hampi Utsav is a cultural festival held at the historic site of Hampi. It includes dance, music, and heritage shows.",hampi;site;shows;glory;vijayanagara,Hampi;Karnataka,cultural performances;processions,
onam_067,Onam,Onam celebrates the mythical return of King Mahabali. Homes are decorated with flower designs and cultural events are held.,cultural;onam;mythical;king;mahabali,Kerala,boat races;floral decorations,
vishu_068,Vishu,"Vishu is celebrated as the New Year in Kerala. The day begins with Vishukkani, an auspicious arrangement viewed at dawn.",vishu;begins;vishukkani;auspicious;arrangement,Kerala,temple visits;vishukkani viewing,
thiruvathira_069,Thiruvathira,"Thiruvathira is observed mainly by women in Kerala and Tamil Nadu. It includes fasting, prayers, and the Thiruvathira dance.",thiruvathira;mainly;thiruvathira observed;observed mainly;mainly women,Kerala;Tamil Nadu,fasting;traditional dance,
hemis_festival_070,Hemis Festival,Hemis Festival is celebrated at the Hemis Monastery in Ladakh. It features masked dances performed by monks.,hemis;monastery;masked;monks;hemis festival,Ladakh,masked dance;puja,
sindhu_darshan_071,Sindhu Darshan,Sindhu Darshan is a festival observed in Ladakh to honor the Indus River as a symbol of harmony and unity. People from different parts of India gather to pay tribute to the river.,river;sindhu;darshan;indus;parts,Ladakh,cultural programs;puja,
lokrang_festival_072,Lokrang Festival,"Lokrang Festival is a cultural celebration held in Madhya Pradesh that brings together folk artists from across India. It features traditional music, dance, crafts, and cuisine.",cultural;lokrang;madhya;artists;helps,Madhya Pradesh,craft exhibitions;folk performances,
khajuraho_dance_festival_073,Khajuraho Dance Festival,"The Khajuraho Dance Festival is held near the historic Khajuraho temples and features performances of classical Indian dance forms. The festival highlights the link between dance, spirituality, and heritage.",khajuraho;dance;classical;indian;link,Khajuraho;Madhya Pradesh,cultural gatherings;dance performances,
gudi_padwa_074,Gudi Padwa,Gudi Padwa is celebrated as the New Year by Maharashtrians. A decorated gudi is raised outside homes as a symbol of victory and prosperity.,gudi;new;padwa;maharashtrians;raised,Maharashtra,puja;raising gudi,
naga_panchami_075,Naga Panchami,Naga Panchami is a Hindu festival dedicated to the worship of serpent deities. Devotees offer milk and prayers to snake idols or images.,serpent;milk;images;reverence;beliefs,Karnataka;Maharashtra;Pan-India,offerings;puja,
yaoshang_076,Yaoshang,"Yaoshang is a vibrant festival celebrated in Manipur, similar to Holi. It combines sports, dance, and community celebrations.",yaoshang;manipur;similar;combines;youth,Manipur,bonfire lighting;sports events,
nongkrem_dance_festival_077,Nongkrem Dance Festival,The Nongkrem Dance Festival is celebrated by the Khasi tribe of Meghalaya. It is a thanksgiving ceremony seeking prosperity and peace.,nongkrem;khasi;meghalaya;thanksgiving;core,Meghalaya,puja;ritual dances,
chapchar_kut_078,Chapchar Kut,"Chapchar Kut is a major festival of the Mizo community celebrated after forest clearing for cultivation. It features folk dances, songs, and vibrant traditional attire.",chapchar;mizo;forest;clearing;cultivation,Mizoram,feast;folk dances,
mim_kut_079,Mim Kut,Mim Kut is a harvest festival of Mizoram associated with remembrance of ancestors. Food offerings are made in honor of the departed.,remembrance;mim;departed;mim kut;kut harvest,Mizoram,folk songs;offerings,
pawl_kut_080,Pawl Kut,Pawl Kut is celebrated in Mizoram after the completion of the harvest. It is a joyful festival marked by feasting and community activities.,pawl;completion;pawl kut;kut celebrated;celebrated mizoram,Mizoram,community celebrations;feast,
hornbill_festival_081,Hornbill Festival,"The Hornbill Festival is a major cultural event in Nagaland that brings together the traditions of various Naga tribes. It features folk dances, music, crafts, and traditional sports.",hornbill;tribes;hornbill festival;festival major;major cultural,Nagaland,folk performances;tribal exhibitions,
sekrenyi_082,Sekrenyi,"Sekrenyi is celebrated by the Angami tribe of Nagaland as a purification and renewal festival. It involves ritual bathing, feasting, and community celebrations.",sekrenyi;angami;preparation;sekrenyi celebrated;celebrated angami,Nagaland,feast;oil bath,
rath_yatra_083,Rath Yatra,Rath Yatra is a major Hindu festival associated with the Jagannath Temple in Puri. Deities are taken out in grand chariots and pulled by devotees.,rath;yatra;jagannath;puri;taken,Odisha;Puri,chariot procession;devotional singing,
raja_parba_084,Raja Parba,Raja Parba is a unique festival of Odisha that celebrates womanhood and the fertility of Mother Earth. It coincides with the onset of the monsoon.,raja;parba;odisha;womanhood;mother,Odisha,ritual rest;traditional games,
bhangra_festival_085,Bhangra,Bhangra is a vibrant folk dance festival associated with harvest celebrations in Punjab. It is performed with energetic movements and rhythmic beats.,bhangra;energetic;movements;rhythmic;beats,Punjab,folk dancing;music performances,
lohri_086,Lohri,Lohri is a popular winter festival in Punjab celebrated around a bonfire. People sing folk songs and offer harvest produce.,popular;produce;warmth;lohri popular;popular winter,Northern India;Punjab,bonfire rituals;folk singing,
gangaur_festival_087,Gangaur Festival,"Gangaur is a colorful festival of Rajasthan dedicated to Goddess Gauri, symbolizing marital happiness and devotion. Women participate in processions and prayers seeking prosperity.",gangaur;rajasthan;gauri;gangaur colorful;colorful festival,Rajasthan,processions;puja,
losar_088,Losar,"Losar is celebrated by Tibetan Buddhist communities to mark the beginning of a new year. It involves prayers, rituals, and festive gatherings.",signifies;tibetan buddhist;year involves;involves prayers;prayers rituals,Arunachal Pradesh;Ladakh;Sikkim,puja;ritual offerings,
saga_dawa_089,Saga Dawa,"Saga Dawa is a significant Buddhist festival marking the birth, enlightenment, and death of Lord Buddha. Acts of kindness and prayer are emphasized.",saga;dawa;marking;emphasized;saga dawa,Ladakh;Sikkim,charity;puja,
desert_festival_090,Desert Festival,"The Desert Festival is held in Jaisalmer and showcases Rajasthani folk music, dance, camel events, and cultural competitions. It highlights the rich traditions of desert life.",desert;jaisalmer;rajasthani;camel;competitions,Jaisalmer;Rajasthan,camel events;folk performances,
aadi_perukku_091,Aadi Perukku,"Aadi Perukku is a Tamil festival celebrated during the month of Aadi to honor water bodies such as rivers, lakes, and reservoirs. It is especially significant along the banks of the Cauvery River.",aadi;water;perukku;lakes;reservoirs,Tamil Nadu,offerings;puja,
thai_amavasai_092,Thai Amavasai,"Thai Amavasai is a significant new moon day in the Tamil month of Thai. People perform rituals in remembrance of ancestors, especially near rivers and seashores.",thai;lineage;thai amavasai;amavasai significant;significant new,Tamil Nadu,pitru tarpanam;puja,
aadi_amavasai_093,Aadi Amavasai,Aadi Amavasai is observed during the Tamil month of Aadi and is dedicated to performing rites for ancestors. Devotees gather at riverbanks and seashores for rituals.,aadi;performing;rites;riverbanks;continuity,Tamil Nadu,ancestral rituals;puja,
panguni_uthiram_094,Panguni Uthiram,Panguni Uthiram is celebrated in Tamil Nadu to mark the celestial marriages of Hindu deities. It is especially important in Murugan and Shiva temples.,panguni;uthiram;celestial;marriages;union,Tamil Nadu,special abhishekam;temple processions,
vaikasi_visakam_095,Vaikasi Visakam,"Vaikasi Visakam marks the birth star of Lord Murugan and is celebrated with devotion in Murugan temples across Tamil Nadu. The festival emphasizes courage, wisdom, and devotion.",murugan;devotion;vaikasi;visakam;star,Tamil Nadu,processions;puja,
thaipusam_096,Thaipusam,Thaipusam is a major Tamil festival dedicated to Lord Murugan. Devotees undertake vows such as Kavadi Attam and offer prayers seeking blessings.,thaipusam;undertake;vows;kavadi;attam,Tamil Nadu,kavadi procession;puja,
skanda_sashti_097,Skanda Sashti,Skanda Sashti is a six-day festival celebrating Lord Murugan’s triumph over the demon Surapadman. It concludes with the Soorasamharam ritual.,skanda;sashti;demon;surapadman;concludes,Tamil Nadu,fasting;soorasamharam enactment,
chithirai_festival_098,Chithirai Festival,"Chithirai Festival is a grand temple festival held in Madurai, depicting the divine wedding of Goddess Meenakshi and Lord Sundareshwarar. The festival showcases rich temple traditions and cultural heritage.",temple;chithirai;madurai;wedding;meenakshi,Madurai;Tamil Nadu,processions;temple ceremonies,
karthigai_deepam_099,Karthigai Deepam,Karthigai Deepam is celebrated by lighting lamps in homes and temples across Tamil Nadu. The grand Deepam lit on the Annamalai hill at Tiruvannamalai is a major highlight.,deepam;karthigai;annamalai;hill;tiruvannamalai,Tamil Nadu;Tiruvannamalai,lamp lighting;puja,
